case_id,requested_count,seed,planned_repetitions,successful_repetitions,ok,timeout,error,validation_failed,compute_median_seconds,compute_mad_seconds,compute_p10_seconds,compute_p90_seconds,external_wall_median_seconds,max_rss_median_kb
uniform-n100,100,20260715,10,10,10,0,0,0,0.0009342904999999999,8.779349999999997e-05,0.0008301092,0.0011180110000000001,0.0059125499974470586,4104.0
uniform-n300,300,20260715,10,10,10,0,0,0,0.0026308815,0.00012826250000000003,0.0024609089,0.003049785699999999,0.008872303493262734,4262.0
uniform-n1000,1000,20260715,10,10,10,0,0,0,0.027933958000000002,0.0025032890000000006,0.021058489,0.030938502599999997,0.03704594850569265,4374.0
uniform-n1500,1500,20260715,10,10,10,0,0,0,0.041118338500000004,0.0014213815000000025,0.0397787306,0.0525879346,0.05046875499829184,4744.0
uniform-n2500,2500,20260715,10,10,10,0,0,0,0.153103791,0.04394164249999999,0.1077608219,0.20388077970000001,0.1633328710013302,5062.0
