{
  "cases": [
    {
      "case_id": "uniform-n100",
      "input": {
        "coord_max": 1000000,
        "count": 100,
        "id": "uniform-n100",
        "seed": 20260715
      },
      "planned_repetitions": 10,
      "statistics": {
        "compute_total_seconds": {
          "count": 10,
          "mad": 8.779349999999997e-05,
          "maximum": 0.001193098,
          "median": 0.0009342904999999999,
          "minimum": 0.000707594,
          "p10": 0.0008301092,
          "p90": 0.0011180110000000001
        },
        "external_wall_seconds": {
          "count": 10,
          "mad": 0.00016886899538803846,
          "maximum": 0.007226975008961745,
          "median": 0.0059125499974470586,
          "minimum": 0.005050173989729956,
          "p10": 0.005452805204549804,
          "p90": 0.006471900193719193
        },
        "input_generation_seconds": {
          "count": 10,
          "mad": 1.3385e-06,
          "maximum": 2.5126e-05,
          "median": 1.4164e-05,
          "minimum": 1.2634e-05,
          "p10": 1.27753e-05,
          "p90": 2.30821e-05
        },
        "max_rss_kb": {
          "count": 10,
          "mad": 2.0,
          "maximum": 4128.0,
          "median": 4104.0,
          "minimum": 3960.0,
          "p10": 3992.4,
          "p90": 4120.8
        },
        "triangulation_seconds": {
          "count": 10,
          "mad": 7.12245e-05,
          "maximum": 0.000933718,
          "median": 0.0007557460000000001,
          "minimum": 0.000550572,
          "p10": 0.000662055,
          "p90": 0.0009142429
        },
        "validation_seconds": {
          "count": 10,
          "mad": 5.6875000000000095e-06,
          "maximum": 0.000266178,
          "median": 0.000164656,
          "minimum": 0.000146636,
          "p10": 0.00015760429999999998,
          "p90": 0.00019292159999999997
        },
        "voronoi_seconds": {
          "count": 10,
          "mad": 5.840000000000007e-07,
          "maximum": 1.8973e-05,
          "median": 1.0799e-05,
          "minimum": 9.753e-06,
          "p10": 9.9231e-06,
          "p90": 1.5254199999999999e-05
        }
      },
      "status_counts": {
        "ok": 10
      },
      "successful_repetitions": 10
    },
    {
      "case_id": "uniform-n300",
      "input": {
        "coord_max": 1000000,
        "count": 300,
        "id": "uniform-n300",
        "seed": 20260715
      },
      "planned_repetitions": 10,
      "statistics": {
        "compute_total_seconds": {
          "count": 10,
          "mad": 0.00012826250000000003,
          "maximum": 0.004777009,
          "median": 0.0026308815,
          "minimum": 0.002438471,
          "p10": 0.0024609089,
          "p90": 0.003049785699999999
        },
        "external_wall_seconds": {
          "count": 10,
          "mad": 0.0013881109916837886,
          "maximum": 0.012604738993104547,
          "median": 0.008872303493262734,
          "minimum": 0.00706818699836731,
          "p10": 0.0072708202016656285,
          "p90": 0.01209102709108265
        },
        "input_generation_seconds": {
          "count": 10,
          "mad": 2.922499999999998e-06,
          "maximum": 4.3246e-05,
          "median": 3.4596e-05,
          "minimum": 3.1427e-05,
          "p10": 3.15287e-05,
          "p90": 3.9403e-05
        },
        "max_rss_kb": {
          "count": 10,
          "mad": 2.0,
          "maximum": 4308.0,
          "median": 4262.0,
          "minimum": 4156.0,
          "p10": 4156.0,
          "p90": 4297.2
        },
        "triangulation_seconds": {
          "count": 10,
          "mad": 8.081750000000002e-05,
          "maximum": 0.003796931,
          "median": 0.001552288,
          "minimum": 0.001421072,
          "p10": 0.0014317298,
          "p90": 0.0020359099999999993
        },
        "validation_seconds": {
          "count": 10,
          "mad": 3.70180000000001e-05,
          "maximum": 0.001132316,
          "median": 0.00100298,
          "minimum": 0.000960499,
          "p10": 0.0009629245,
          "p90": 0.0010758095
        },
        "voronoi_seconds": {
          "count": 10,
          "mad": 6.470000000000008e-07,
          "maximum": 2.4421e-05,
          "median": 1.7447e-05,
          "minimum": 1.6638e-05,
          "p10": 1.67082e-05,
          "p90": 1.90723e-05
        }
      },
      "status_counts": {
        "ok": 10
      },
      "successful_repetitions": 10
    },
    {
      "case_id": "uniform-n1000",
      "input": {
        "coord_max": 1000000,
        "count": 1000,
        "id": "uniform-n1000",
        "seed": 20260715
      },
      "planned_repetitions": 10,
      "statistics": {
        "compute_total_seconds": {
          "count": 10,
          "mad": 0.0025032890000000006,
          "maximum": 0.031964967,
          "median": 0.027933958000000002,
          "minimum": 0.020328391,
          "p10": 0.021058489,
          "p90": 0.030938502599999997
        },
        "external_wall_seconds": {
          "count": 10,
          "mad": 0.0024245505046565086,
          "maximum": 0.0449699029995827,
          "median": 0.03704594850569265,
          "minimum": 0.029023017996223643,
          "p10": 0.029298779807868415,
          "p90": 0.04141652030230034
        },
        "input_generation_seconds": {
          "count": 10,
          "mad": 1.2131999999999998e-05,
          "maximum": 0.00018359,
          "median": 0.000158651,
          "minimum": 0.000109826,
          "p10": 0.0001127879,
          "p90": 0.0001765448
        },
        "max_rss_kb": {
          "count": 10,
          "mad": 50.0,
          "maximum": 4424.0,
          "median": 4374.0,
          "minimum": 4268.0,
          "p10": 4278.8,
          "p90": 4424.0
        },
        "triangulation_seconds": {
          "count": 10,
          "mad": 0.0009771094999999983,
          "maximum": 0.014511567,
          "median": 0.013015265500000001,
          "minimum": 0.008834455,
          "p10": 0.0097155082,
          "p90": 0.0140732085
        },
        "validation_seconds": {
          "count": 10,
          "mad": 0.0016166240000000005,
          "maximum": 0.018186436,
          "median": 0.0143194135,
          "minimum": 0.010485305,
          "p10": 0.012093037999999999,
          "p90": 0.0168692221
        },
        "voronoi_seconds": {
          "count": 10,
          "mad": 1.1602000000000002e-05,
          "maximum": 0.000100833,
          "median": 5.2487499999999995e-05,
          "minimum": 2.9683e-05,
          "p10": 3.31012e-05,
          "p90": 7.32822e-05
        }
      },
      "status_counts": {
        "ok": 10
      },
      "successful_repetitions": 10
    },
    {
      "case_id": "uniform-n1500",
      "input": {
        "coord_max": 1000000,
        "count": 1500,
        "id": "uniform-n1500",
        "seed": 20260715
      },
      "planned_repetitions": 10,
      "statistics": {
        "compute_total_seconds": {
          "count": 10,
          "mad": 0.0014213815000000025,
          "maximum": 0.060386575,
          "median": 0.041118338500000004,
          "minimum": 0.03959474,
          "p10": 0.0397787306,
          "p90": 0.0525879346
        },
        "external_wall_seconds": {
          "count": 10,
          "mad": 0.0025042029956239276,
          "maximum": 0.07252000601147301,
          "median": 0.05046875499829184,
          "minimum": 0.04759558101068251,
          "p10": 0.047862867500225545,
          "p90": 0.06226083220244618
        },
        "input_generation_seconds": {
          "count": 10,
          "mad": 9.074000000000002e-06,
          "maximum": 0.000263447,
          "median": 0.00019012100000000002,
          "minimum": 0.000166835,
          "p10": 0.0001779869,
          "p90": 0.00025569169999999997
        },
        "max_rss_kb": {
          "count": 10,
          "mad": 0.0,
          "maximum": 4784.0,
          "median": 4744.0,
          "minimum": 4600.0,