distribution,case_count,distinct_seed_count,planned_run_count,successful_run_count,ok,timeout,error,validation_failed,seed_case_median_sample_count,seed_case_compute_median_seconds,seed_case_compute_mad_seconds,seed_case_compute_p10_seconds,seed_case_compute_p90_seconds,pooled_repetition_sample_count,pooled_compute_median_seconds,pooled_compute_mad_seconds,pooled_compute_p10_seconds,pooled_compute_p90_seconds
uniform,3,3,15,15,15,0,0,0,3,0.03608798,4.1004000000004204e-05,0.0360070424,0.0361207832,15,0.03608798,0.00017866099999999663,0.0334264316,0.0363809336
clustered,3,3,15,15,15,0,0,0,3,0.018899611,0.0003102399999999998,0.018651419,0.023041537400000003,15,0.019019538,0.00045698199999999814,0.018573282,0.0266543982
jittered-grid,3,3,15,15,15,0,0,0,3,0.021909784,0.0029096810000000008,0.0195820392,0.0254281216,15,0.023007678,0.0030631700000000005,0.018824012,0.028636991199999996
near-collinear,3,3,15,15,15,0,0,0,3,0.018281283,0.00017540799999999843,0.0181409566,0.0185131246,15,0.018281283,0.0003587069999999998,0.0176794586,0.0189349268
