{
  "cases": [
    {
      "case_id": "uniform-n50",
      "input": {
        "coord_max": 1000000,
        "count": 50,
        "distribution": "uniform",
        "id": "uniform-n50",
        "seed": 20260715
      },
      "planned_repetitions": 3,
      "statistics": {
        "compute_total_seconds": {
          "count": 3,
          "mad": 2.2899999999999527e-06,
          "maximum": 0.001225193,
          "median": 0.00094622,
          "minimum": 0.00094393,
          "p10": 0.000944388,
          "p90": 0.0011693984
        },
        "external_wall_seconds": {
          "count": 3,
          "mad": 0.0009912450041156262,
          "maximum": 0.013770164005109109,
          "median": 0.01164198899641633,
          "minimum": 0.010650743992300704,
          "p10": 0.01084899299312383,
          "p90": 0.013344529003370553
        },
        "input_generation_seconds": {
          "count": 3,
          "mad": 1.799999999999881e-08,
          "maximum": 1.2283e-05,
          "median": 1.2036e-05,
          "minimum": 1.2018e-05,
          "p10": 1.20216e-05,
          "p90": 1.2233600000000001e-05
        },
        "max_rss_kb": {
          "count": 3,
          "mad": 44.0,
          "maximum": 4152.0,
          "median": 4108.0,
          "minimum": 3956.0,
          "p10": 3986.4,
          "p90": 4143.2
        },
        "triangulation_seconds": {
          "count": 3,
          "mad": 3.177000000000041e-06,
          "maximum": 0.00113218,
          "median": 0.000853614,
          "minimum": 0.000850437,
          "p10": 0.0008510724000000001,
          "p90": 0.0010764668
        },
        "validation_seconds": {
          "count": 3,
          "mad": 2.3099999999999152e-07,
          "maximum": 8.583e-05,
          "median": 8.5599e-05,
          "minimum": 8.5158e-05,
          "p10": 8.52462e-05,
          "p90": 8.57838e-05
        },
        "voronoi_seconds": {
          "count": 3,
          "mad": 3.400000000000001e-08,
          "maximum": 7.663e-06,
          "median": 7.448e-06,
          "minimum": 7.414e-06,
          "p10": 7.420799999999999e-06,
          "p90": 7.619999999999999e-06
        }
      },
      "status_counts": {
        "ok": 3
      },
      "successful_repetitions": 3
    },
    {
      "case_id": "uniform-n100",
      "input": {
        "coord_max": 1000000,
        "count": 100,
        "distribution": "uniform",
        "id": "uniform-n100",
        "seed": 20260715
      },
      "planned_repetitions": 3,
      "statistics": {
        "compute_total_seconds": {
          "count": 3,
          "mad": 0.000447069,
          "maximum": 0.003631624,
          "median": 0.002037792,
          "minimum": 0.001590723,
          "p10": 0.0016801368,
          "p90": 0.0033128576
        },
        "external_wall_seconds": {
          "count": 3,
          "mad": 0.0001918479974847287,
          "maximum": 0.012568108999403194,
          "median": 0.011649095002212562,
          "minimum": 0.011457247004727833,
          "p10": 0.011495616604224778,
          "p90": 0.012384306199965067
        },
        "input_generation_seconds": {
          "count": 3,
          "mad": 2.0000000000000147e-07,
          "maximum": 2.0965e-05,
          "median": 2.0765e-05,
          "minimum": 2.0479e-05,
          "p10": 2.05362e-05,
          "p90": 2.0925e-05
        },
        "max_rss_kb": {
          "count": 3,
          "mad": 32.0,
          "maximum": 4140.0,
          "median": 4108.0,
          "minimum": 3964.0,
          "p10": 3992.8,
          "p90": 4133.6
        },
        "triangulation_seconds": {
          "count": 3,
          "mad": 0.00044559600000000014,
          "maximum": 0.003371176,
          "median": 0.001770173,
          "minimum": 0.001324577,
          "p10": 0.0014136962,
          "p90": 0.0030509754
        },
        "validation_seconds": {
          "count": 3,
          "mad": 9.270000000000133e-07,
          "maximum": 0.000251278,
          "median": 0.000250351,
          "minimum": 0.000244687,
          "p10": 0.0002458198,
          "p90": 0.0002510926
        },
        "voronoi_seconds": {
          "count": 3,
          "mad": 3.400000000000001e-08,
          "maximum": 1.6341e-05,
          "median": 1.5795e-05,
          "minimum": 1.5761e-05,
          "p10": 1.5767800000000002e-05,
          "p90": 1.6231800000000003e-05
        }
      },
      "status_counts": {
        "ok": 3
      },
      "successful_repetitions": 3
    }
  ],
  "distribution_aggregate_policy": "For each distribution, seed-level uncertainty summarizes the case median for each distinct deterministic input. The pooled repetition summary is reported separately because repeated timings are not independent inputs.",
  "distribution_aggregates": [],
  "profile": "smoke",
  "run_id": "planar-smoke-20260715-1863189",
  "sample_accounting": {
    "case_count": 2,
    "observed_run_count": 6,
    "planned_run_count": 6,
    "status_counts": {
      "ok": 6
    },
    "successful_run_count": 6
  },
  "schema_version": 1,
  "statistic_policy": "successful runs only; median, median absolute deviation, linearly interpolated p10/p90, min/max"
}
