case_id,distribution,requested_count,seed,planned_repetitions,successful_repetitions,ok,timeout,error,validation_failed,compute_median_seconds,compute_mad_seconds,compute_p10_seconds,compute_p90_seconds,external_wall_median_seconds,max_rss_median_kb
uniform-n100,uniform,100,20260715,10,10,10,0,0,0,0.0006834395,3.1665e-05,0.0006445379,0.0007339794,0.0030173164923326112,4070.0
uniform-n300,uniform,300,20260715,10,10,10,0,0,0,0.0038746285,2.318899999999985e-05,0.0038514227,0.0039654152,0.006314262995147146,4236.0
uniform-n1000,uniform,1000,20260715,10,10,10,0,0,0,0.0267104015,0.008019534999999998,0.0182861354,0.0349696204,0.029549536004196852,4376.0
uniform-n1500,uniform,1500,20260715,10,10,10,0,0,0,0.04028718,0.0013629774999999976,0.038987213300000004,0.0541824083,0.04303036700002849,4716.0
uniform-n2500,uniform,2500,20260715,10,10,10,0,0,0,0.11336887200000001,0.00536925600000001,0.1066771045,0.14211946309999998,0.11630973150022328,5036.0
