{
  "cases": [
    {
      "case_id": "uniform-n100",
      "input": {
        "coord_max": 1000000,
        "count": 100,
        "distribution": "uniform",
        "id": "uniform-n100",
        "seed": 20260715
      },
      "planned_repetitions": 10,
      "statistics": {
        "compute_total_seconds": {
          "count": 10,
          "mad": 0.000126494,
          "maximum": 0.001583928,
          "median": 0.0013163515,
          "minimum": 0.000990493,
          "p10": 0.001164067,
          "p90": 0.0014955282
        },
        "external_wall_seconds": {
          "count": 10,
          "mad": 0.0003605064921430312,
          "maximum": 0.010485601000254974,
          "median": 0.009484281996265054,
          "minimum": 0.008772244997089729,
          "p10": 0.009055745898513124,
          "p90": 0.01009049200656591
        },
        "input_generation_seconds": {
          "count": 10,
          "mad": 8.605000000000013e-07,
          "maximum": 2.8997e-05,
          "median": 1.82425e-05,
          "minimum": 1.6832e-05,
          "p10": 1.74305e-05,
          "p90": 2.23487e-05
        },
        "max_rss_kb": {
          "count": 10,
          "mad": 2.0,
          "maximum": 4124.0,
          "median": 4106.0,
          "minimum": 3952.0,
          "p10": 3952.0,
          "p90": 4124.0
        },
        "triangulation_seconds": {
          "count": 10,
          "mad": 7.863800000000012e-05,
          "maximum": 0.001314354,
          "median": 0.0010326695000000001,
          "minimum": 0.000772205,
          "p10": 0.0009325345999999999,
          "p90": 0.0012233685
        },
        "validation_seconds": {
          "count": 10,
          "mad": 1.688750000000001e-05,
          "maximum": 0.000338807,
          "median": 0.0002320205,
          "minimum": 0.000206033,
          "p10": 0.0002163623,
          "p90": 0.0002923643
        },
        "voronoi_seconds": {
          "count": 10,
          "mad": 1.3264999999999982e-06,
          "maximum": 1.9446e-05,
          "median": 1.4610499999999998e-05,
          "minimum": 1.2255e-05,
          "p10": 1.30488e-05,
          "p90": 1.84047e-05
        }
      },
      "status_counts": {
        "ok": 10
      },
      "successful_repetitions": 10
    },
    {
      "case_id": "uniform-n300",
      "input": {
        "coord_max": 1000000,
        "count": 300,
        "distribution": "uniform",
        "id": "uniform-n300",
        "seed": 20260715
      },
      "planned_repetitions": 10,
      "statistics": {
        "compute_total_seconds": {
          "count": 10,
          "mad": 0.00036307000000000006,
          "maximum": 0.003869663,
          "median": 0.0033958175,
          "minimum": 0.002964941,
          "p10": 0.0029981141,
          "p90": 0.0038261021
        },
        "external_wall_seconds": {
          "count": 10,
          "mad": 0.000670229499519337,
          "maximum": 0.011763224989408627,
          "median": 0.010554728498391341,
          "minimum": 0.009681935000116937,
          "p10": 0.00977574739517877,
          "p90": 0.011459589302830864
        },
        "input_generation_seconds": {
          "count": 10,
          "mad": 3.1915000000000015e-06,
          "maximum": 8.8512e-05,
          "median": 4.7282e-05,
          "minimum": 4.2433e-05,
          "p10": 4.36813e-05,
          "p90": 6.16659e-05
        },
        "max_rss_kb": {
          "count": 10,
          "mad": 0.0,
          "maximum": 4268.0,
          "median": 4268.0,
          "minimum": 4124.0,
          "p10": 4124.0,
          "p90": 4268.0
        },
        "triangulation_seconds": {
          "count": 10,
          "mad": 0.0002683980000000002,
          "maximum": 0.002438715,
          "median": 0.0020159675,
          "minimum": 0.001685842,
          "p10": 0.0017211139,
          "p90": 0.0023269548000000003
        },
        "validation_seconds": {
          "count": 10,
          "mad": 4.889650000000005e-05,
          "maximum": 0.001480842,
          "median": 0.00138561,
          "minimum": 0.001218959,
          "p10": 0.0012505868,
          "p90": 0.0014315616
        },
        "voronoi_seconds": {
          "count": 10,
          "mad": 1.522500000000001e-06,
          "maximum": 3.5118e-05,
          "median": 2.3388e-05,
          "minimum": 2.0959e-05,
          "p10": 2.10544e-05,
          "p90": 3.33999e-05
        }
      },
      "status_counts": {
        "ok": 10
      },
      "successful_repetitions": 10
    },
    {
      "case_id": "uniform-n1000",
      "input": {
        "coord_max": 1000000,
        "count": 1000,
        "distribution": "uniform",
        "id": "uniform-n1000",
        "seed": 20260715
      },
      "planned_repetitions": 10,
      "statistics": {
        "compute_total_seconds": {
          "count": 10,
          "mad": 0.0004663315000000001,
          "maximum": 0.023195914,
          "median": 0.018838787000000003,
          "minimum": 0.018075957,
          "p10": 0.0183621957,
          "p90": 0.021356377
        },
        "external_wall_seconds": {
          "count": 10,
          "mad": 0.0010786139973788522,
          "maximum": 0.030743354000151157,
          "median": 0.02650951800023904,
          "minimum": 0.02515770999889355,
          "p10": 0.02538905410183361,
          "p90": 0.03058678279921878
        },
        "input_generation_seconds": {
          "count": 10,
          "mad": 6.670500000000003e-06,
          "maximum": 0.000183226,
          "median": 0.000118894,
          "minimum": 0.000109393,
          "p10": 0.00011041270000000001,
          "p90": 0.0001430455
        },
        "max_rss_kb": {
          "count": 10,
          "mad": 20.0,
          "maximum": 4460.0,
          "median": 4424.0,
          "minimum": 4276.0,
          "p10": 4283.2,
          "p90": 4431.2
        },
        "triangulation_seconds": {
          "count": 10,
          "mad": 0.0003870225000000005,
          "maximum": 0.010602742,
          "median": 0.008840705,
          "minimum": 0.008070786,
          "p10": 0.008145324,
          "p90": 0.0101273611
        },
        "validation_seconds": {
          "count": 10,
          "mad": 0.00016289899999999934,
          "maximum": 0.01255431,
          "median": 0.010085792,
          "minimum": 0.009901725,
          "p10": 0.0099398274,
          "p90": 0.0111841239
        },
        "voronoi_seconds": {
          "count": 10,
          "mad": 1.9519999999999993e-06,
          "maximum": 4.5562e-05,
          "median": 3.02945e-05,
          "minimum": 2.7661e-05,
          "p10": 2.8887699999999998e-05,
          "p90": 3.9532e-05
        }
      },
      "status_counts": {
        "ok": 10
      },
      "successful_repetitions": 10
    },
    {
      "case_id": "uniform-n1500",
      "input": {
        "coord_max": 1000000,
        "count": 1500,
        "distribution": "uniform",
        "id": "uniform-n1500",
        "seed": 20260715
      },
      "planned_repetitions": 10,
      "statistics": {
        "compute_total_seconds": {
          "count": 10,
          "mad": 0.0077902869999999964,
          "maximum": 0.066896343,
          "median": 0.047900451,
          "minimum": 0.039004425,
          "p10": 0.0395362458,
          "p90": 0.057497427
        },
        "external_wall_seconds": {
          "count": 10,
          "mad": 0.007628911000210792,
          "maximum": 0.08053668300271966,
          "median": 0.05816343300102744,
          "minimum": 0.04708660999312997,
          "p10": 0.04721620639611501,
          "p90": 0.06738897180039202
        },
        "input_generation_seconds": {
          "count": 10,
          "mad": 1.7440500000000004e-05,
          "maximum": 0.000256917,
          "median": 0.0001996015,
          "minimum": 0.000165723,
          "p10": 0.0001670172,
          "p90": 0.00024193739999999999
        },
        "max_rss_kb": {
          "count": 10,
          "mad": 24.0,