case_id,distribution,requested_count,seed,planned_repetitions,successful_repetitions,ok,timeout,error,validation_failed,compute_median_seconds,compute_mad_seconds,compute_p10_seconds,compute_p90_seconds,external_wall_median_seconds,max_rss_median_kb
uniform-n100,uniform,100,20260715,10,10,10,0,0,0,0.0013163515,0.000126494,0.001164067,0.0014955282,0.009484281996265054,4106.0
uniform-n300,uniform,300,20260715,10,10,10,0,0,0,0.0033958175,0.00036307000000000006,0.0029981141,0.0038261021,0.010554728498391341,4268.0
uniform-n1000,uniform,1000,20260715,10,10,10,0,0,0,0.018838787000000003,0.0004663315000000001,0.0183621957,0.021356377,0.02650951800023904,4424.0
uniform-n1500,uniform,1500,20260715,10,10,10,0,0,0,0.047900451,0.0077902869999999964,0.0395362458,0.057497427,0.05816343300102744,4744.0
uniform-n2500,uniform,2500,20260715,10,10,10,0,0,0,0.1079880235,0.0009503969999999987,0.1069906379,0.13642649169999999,0.1165754379981081,5068.0
