distribution,case_count,distinct_seed_count,planned_run_count,successful_run_count,ok,timeout,error,validation_failed,seed_case_median_sample_count,seed_case_compute_median_seconds,seed_case_compute_mad_seconds,seed_case_compute_p10_seconds,seed_case_compute_p90_seconds,pooled_repetition_sample_count,pooled_compute_median_seconds,pooled_compute_mad_seconds,pooled_compute_p10_seconds,pooled_compute_p90_seconds
uniform,3,3,15,15,15,0,0,0,3,0.025805639,0.006235828999999998,0.020816975799999998,0.0359575446,15,0.027447479,0.008545958,0.019376225400000002,0.0414918856
clustered,3,3,15,15,15,0,0,0,3,0.023459466,0.0003039129999999994,0.0215451004,0.0237025964,15,0.021917015,0.0015424510000000002,0.020123226,0.0269798572
jittered-grid,3,3,15,15,15,0,0,0,3,0.033020376,0.0050609690000000054,0.0280228928,0.037069151200000004,15,0.033236325,0.003880076000000003,0.0226064116,0.0387879518
near-collinear,3,3,15,15,15,0,0,0,3,0.022220265,0.002840075000000001,0.019948205,0.027194194600000002,15,0.022218318,0.0028381280000000023,0.0187726496,0.0343575862
