distribution,case_count,distinct_seed_count,planned_run_count,successful_run_count,ok,timeout,error,validation_failed,seed_case_median_sample_count,seed_case_compute_median_seconds,seed_case_compute_mad_seconds,seed_case_compute_p10_seconds,seed_case_compute_p90_seconds,pooled_repetition_sample_count,pooled_compute_median_seconds,pooled_compute_mad_seconds,pooled_compute_p10_seconds,pooled_compute_p90_seconds
uniform,3,3,15,15,15,0,0,0,3,0.026635677,0.006894539000000002,0.021120045799999997,0.034344967399999995,15,0.026230833,0.006040189999999997,0.019703606199999998,0.0373597144
clustered,3,3,15,15,15,0,0,0,3,0.037808262,4.399999999999543e-05,0.0374865516,0.037843462,15,0.037808262,0.0009208089999999947,0.0367776934,0.0410807896
jittered-grid,3,3,15,15,15,0,0,0,3,0.029367889,0.006622830999999996,0.0216117474,0.0346661538,15,0.029229635,0.0057834980000000015,0.0193933964,0.037085455999999996
near-collinear,3,3,15,15,15,0,0,0,3,0.028315285,0.005841016000000001,0.0212725506,0.0329880978,15,0.027618495,0.007239530000000001,0.0187877744,0.036181386600000004
