{
  "cases": [
    {
      "case_id": "uniform-n1500",
      "input": {
        "coord_max": 1000000,
        "count": 1500,
        "id": "uniform-n1500",
        "seed": 20260715
      },
      "planned_repetitions": 30,
      "statistics": {
        "compute_total_seconds": {
          "count": 30,
          "mad": 0.006161490499999998,
          "maximum": 0.084993108,
          "median": 0.046332499,
          "minimum": 0.039415189,
          "p10": 0.039815761,
          "p90": 0.0752423814
        },
        "external_wall_seconds": {
          "count": 30,
          "mad": 0.008835877000819892,
          "maximum": 0.1500228709919611,
          "median": 0.05571924600371858,
          "minimum": 0.04428602699772455,
          "p10": 0.045021044698660265,
          "p90": 0.08712668299704093
        },
        "input_generation_seconds": {
          "count": 30,
          "mad": 3.660299999999999e-05,
          "maximum": 0.000469531,
          "median": 0.0002040595,
          "minimum": 0.000160863,
          "p10": 0.0001657813,
          "p90": 0.00033266880000000005
        },
        "max_rss_kb": {
          "count": 30,
          "mad": 0.0,
          "maximum": 4784.0,
          "median": 4744.0,
          "minimum": 4592.0,
          "p10": 4636.0,
          "p90": 4746.4
        },
        "triangulation_seconds": {
          "count": 30,
          "mad": 0.0035147054999999996,
          "maximum": 0.041689458,
          "median": 0.02089759,
          "minimum": 0.016915903,
          "p10": 0.0172307791,
          "p90": 0.0341712936
        },
        "validation_seconds": {
          "count": 30,
          "mad": 0.002972133000000002,
          "maximum": 0.044436566,
          "median": 0.025483046500000002,
          "minimum": 0.022295599,
          "p10": 0.022397012900000002,
          "p90": 0.0423495662
        },
        "voronoi_seconds": {
          "count": 30,
          "mad": 1.4050000000000003e-05,
          "maximum": 0.000204001,
          "median": 6.18925e-05,
          "minimum": 4.3891e-05,
          "p10": 4.67952e-05,
          "p90": 9.287190000000001e-05
        }
      },
      "status_counts": {
        "ok": 30
      },
      "successful_repetitions": 30
    }
  ],
  "profile": "headline",
  "run_id": "planar-headline-20260715-ab00798",
  "schema_version": 1,
  "statistic_policy": "successful runs only; median, median absolute deviation, linearly interpolated p10/p90, min/max"
}
